{"count":1,"self":195.1841536,"total":277.975072,"children":{"InitializeActuators":{"count":10,"self":0.0020085999999999997,"total":0.0020085999999999997,"children":null},"InitializeSensors":{"count":10,"self":0.0029990999999999998,"total":0.0029990999999999998,"children":null},"AgentSendState":{"count":15983,"self":0.22194709999999998,"total":9.8506904999999989,"children":{"CollectObservations":{"count":31970,"self":0.1869746,"total":0.1869746,"children":null},"WriteActionMask":{"count":31970,"self":0.050995399999999996,"total":0.050995399999999996,"children":null},"RequestDecision":{"count":31970,"self":0.1359196,"total":9.3907733999999987,"children":{"AgentInfo.ToProto":{"count":31970,"self":0.16697489999999998,"total":9.2548538,"children":{"GenerateSensorData":{"count":31970,"self":9.0878792,"total":9.0878789,"children":null}}}}}}},"DecideAction":{"count":15983,"self":72.5552512,"total":72.55525089999999,"children":null},"AgentAct":{"count":15983,"self":0.0359776,"total":0.0359776,"children":null},"AgentInfo.ToProto":{"count":1150,"self":0.0069993999999999994,"total":0.34398609999999996,"children":{"GenerateSensorData":{"count":1150,"self":0.3369867,"total":0.3369867,"children":null}}}},"gauges":{"JumpToGoal.CumulativeReward":{"count":1150,"max":302.003174,"min":-6.336487,"runningAverage":-0.101338558,"value":-5,"weightedAverage":18.767086}},"metadata":{"timer_format_version":"0.1.0","start_time_seconds":"1622637206","unity_version":"2021.1.4f1","command_line_arguments":"C:\\Program Files\\Unity\\Hub\\Editor\\2021.1.4f1\\Editor\\Unity.exe -projectpath C:\/Users\/karls\/Documents\/Github\/AIFlappyBird -useHub -hubIPC -cloudEnvironment production -hubSessionId b569c5c0-c39a-11eb-9c8e-6bbcfe6c8241 -accessToken 42lgeD_05VWh8MimjOxbFSn5GvJqCCer2qkY-cBZ2hA005f","communication_protocol_version":"1.5.0","com.unity.ml-agents_version":"2.0.0-exp.1","scene_name":"Game","end_time_seconds":"1622637484"}}